33000,喜欢
30600,感受
28700,欢迎
28200,愿意
28000,担心
25100,感谢
24700,怀疑
24400,苦
24000,乐观
23400,快乐
22800,喜爱
22800,急
21600,激情
21400,严厉
21300,遗憾
21200,惊喜
20900,感动
20700,不满意
20500,欣赏
20200,严峻
19700,担忧
19500,可惜
19300,惊人
19300,舒适
19200,乐趣
19000,怪
18600,欲
18000,不安
17800,感慨
17800,感染
17800,愿望
17500,悲观
17400,害怕
17300,忍
17000,恐慌
16400,严肃
15400,慈善
15000,感叹
14900,感恩
14700,大方
14600,恐怖
14400,任意
14200,慎
14000,忧
14000,自愿
13800,畅通
13500,欢乐
13400,惊讶
12500,安慰
12500,愤怒
12400,着急
12300,悦
12100,震惊
11900,忧虑
11800,怒
10800,安静
10800,恨
10700,悲剧
10600,感人
10600,烦恼
10200,不慎
10100,困惑
9960,后悔
9760,慎重
9450,友情
9350,喜悦
9270,愁
9230,欣慰
9190,恐惧
9190,愉快
9070,感激
8790,容忍
8750,畅销
8550,可怜
8530,沉默
8400,忍受
8370,疑惑
8280,勉强
8180,尊严
8150,奋力
7810,生气
7770,忠诚
7150,谴责
6980,悲
6860,喜好
6860,拼命
6850,感触
6740,郁闷
6670,惨淡
6590,同情
6550,欣喜
6240,惨
6230,憧憬
6080,喜剧
5950,坚持不懈
5690,无忧
5660,愉悦
5450,乐园
5380,惊叹
5380,惨重
5300,气愤
5180,乐于
5130,感悟
5100,如愿
4920,可喜
4780,欢呼
4720,快感
4600,惬意
4590,焦急
4450,乐意
4220,迷惑
4180,喜庆
4140,惊险
4090,懒
4060,苦恼
4040,慈
4020,无情
3990,沮丧
3850,惑
3770,惊心
3760,惊呼
3730,慌
3720,乐道
3680,庆幸
3660,发愁
3620,爽快
3490,闷
3430,畅游
3410,喜人
3410,欢喜
3400,惊奇
3350,凶猛
3320,怨
3250,悲伤
3240,触犯
3230,肆意
3220,慷慨
3210,喜讯
3210,恤
3190,悲痛
3180,怀念
3090,震慑
3070,慕
3040,罹患
3030,悲哀
3020,残忍
3010,抵触
3000,安宁
3000,悔
2910,惨剧
2910,诚恳
2890,畅谈
2840,恐吓
2840,讨厌
2830,厌恶
2800,喜事
2740,忧患
2700,松懈
2690,惋惜
2630,欣然
2620,喜闻乐见
2620,畅快
2550,悠闲
2550,欢快
2530,抱歉
2490,惊慌
2460,埋怨
2460,庄严
2410,忐
2410,畏惧
2390,忑
2380,忐忑
2370,懈怠
2330,通达
2320,厌倦
2310,哭泣
2300,悲惨
2260,仇恨
2260,感召
2250,怒火
2240,情愿
2240,惜
2220,隐忧
2200,怪异
2190,慌张
2180,惨痛
2180,诙谐
2170,排忧解难
2150,羞涩
2140,情操
2140,惨败
2130,欢笑
2090,惊醒
2090,触目惊心
2080,提防
2070,心有余悸
2070,抚慰
2060,悼念
2040,不愧
2030,虑
2020,激怒
1980,傲慢
1980,无愧
1970,安逸
1970,联欢
1960,哀悼
1950,凶器
1950,怨言
1920,惊吓
1920,肆无忌惮
1900,忧郁
1870,忍耐
1840,轻视
1810,惧怕
1810,欢聚
1760,忧心忡忡
1740,吝啬
1720,有喜
1720,欢庆
1700,忍心
1700,恼火
1690,惨不忍睹
1680,惊天
1680,愧疚
1640,不忍
1640,哀
1640,忍痛
1630,畅所欲言
1620,伤感
1620,忧心
1620,悲情
1620,欢声
1590,憔悴
1580,恳请
1540,嬉戏
1530,恍惚
1520,心急
1510,固执
1510,耻
1470,愤慨
1460,恨不得
1460,感同身受
1460,欢送
1450,慌乱
1440,惊恐
1430,不厌其烦
1430,惊动
1430,难忍
1420,乐呵呵
1420,欢声笑语
1410,惊呆
1410,缺憾
1400,内忧
1390,悠然
1390,悲壮
1390,憨厚
1390,责怪
1380,酣畅淋漓
1360,慰藉
1350,厌
1350,恍然大悟
1350,清脆
1340,凶狠
1340,惊悚
1340,放纵
1340,畅通无阻
1320,内忧外患
1300,怨气
1290,失意
1290,威严
1290,心慌
1290,忻
1280,慰安
1280,欢聚一堂
1270,厌烦
1240,怒斥
1230,悔恨
1230,愧
1230,荒诞
1210,悠
1180,报喜
1170,彷徨
1160,忧伤
1160,感化
1140,怒吼
1130,感慨万千
1130,畅想
1120,惊魂
1120,欣欣向荣
1110,恍
1100,喜怒哀乐
1090,慌忙
1090,憾
1080,反悔
1080,欢欣
1070,凄凉
1070,哀乐
1070,喜出望外
1070,情意
1070,懊恼
1050,懊悔
1050,斥责
1040,慷慨解囊
1020,和乐
1020,大惊小怪
1020,怨声载道
1020,恳求
1020,惶恐
1010,忏悔
988,怒气
984,欢心
984,煽情
980,乐天
974,皆大欢喜
966,哀求
956,怠慢
947,凶险
947,恳
941,勤恳
940,胆小
940,隐忍
937,追悼
925,羞愧
919,强求
906,怨恨
876,恳谈
869,悔罪
856,惊慌失措
845,取悦
845,默哀
834,胆战心惊
830,恬静
830,欢欣鼓舞
826,悔改
820,憨
818,快活
816,爱惜
799,凶悍
798,分忧
797,惊诧
787,戏谑
782,患处
781,憎恨
780,强忍
777,凶残
770,怒骂
768,乐和
748,悲喜
741,奋不顾身
733,森严
727,浮夸
724,惭愧
723,不服气
718,乐得
716,慨叹
712,战战兢兢
711,欢腾
708,心旷神怡
707,快意
697,恣意
694,欢度
692,高枕无忧
681,慈悲
679,怦
678,悦耳
678,担惊受怕
673,清静
659,无忧无虑
655,喜气
653,惊天动地
653,责备
645,悔过
642,恼怒
640,忍气吞声
636,凄惨
633,恼羞成怒
630,愉
630,诋毁
629,欢歌
626,哀鸿遍野
621,愤
618,忐忑不安
610,欢呼雀跃
610,胆怯
609,欣欣
606,放肆
604,无懈可击
602,惴
600,悲凉
597,沾沾自喜
596,勤勤恳恳
587,慰
580,蛮横
578,义愤填膺
575,不欢而散
570,凶杀
569,忧愁
559,惴惴
557,问心无愧
549,请愿
539,哀叹
533,惊愕
524,虚惊
523,宽慰
520,怦然心动
520,惨状
516,怯
514,安乐
514,怜悯
506,惊觉
505,惊叫
498,惴惴不安
488,毛骨悚然
486,慈祥
476,怜
472,惊异
469,不厌
468,悲愤
464,惆怅
458,凄
447,积怨
445,感念
435,告慰
428,慈爱
427,喜气洋洋
418,坚忍
418,恍如
414,发怒
412,激愤
411,哀伤
411,喜上眉梢
408,解忧
407,大悲
396,纯情
393,愁容
391,恭敬
386,悲欢离合
384,怪罪
383,乐善好施
383,怖
382,慷慨激昂
381,乐业
376,惊叹不已
374,欢愉
373,仁慈
373,惹恼
372,拍案惊奇
371,感伤
370,喜笑颜开
366,怒放
366,恼人
364,痛惜
362,患难
361,怠
361,欣喜若狂
354,忍让
351,凶多吉少
349,谦虚谨慎
347,乐土
347,恬淡
346,怀恨在心
344,惊鸿
337,憎
335,乐事
333,后悔莫及
331,怨天尤人
331,畅饮
328,快人
327,劝慰
325,怀恨
325,愤懑
322,合家欢
321,愣住
321,神智
320,怒不可遏
320,恍然
315,喜滋滋
314,哀怨
314,愁眉
312,感人肺腑
311,悔婚
309,慑
307,喜报
307,心惊胆战
306,不慌不忙
306,愤愤不平
305,哀愁
304,怯场
303,小情
301,驩愉
297,有恃无恐
297,欢唱
294,欢天喜地
294,追悔
291,坚忍不拔
291,民愤
290,情志
289,怡和
289,怪诞
288,怡情
288,惊弓之鸟
287,戒备森严
285,饮恨
281,乐子
281,和悦
281,报忧
277,喜帖
277,喜洋洋
277,疼惜
275,喜乐
274,苦苦哀求
273,惊涛骇浪
271,欣说
270,惊雷
269,恼
269,悠然自得
267,怵
267,恳切
267,悻悻
266,悲悯
266,惶
266,自慰
264,悸
263,怜惜
263,愤然
261,谨慎小心
255,愁眉不展
254,咒骂
254,哀思
254,惊世骇俗
254,扭捏
253,追悔莫及
251,惜别
250,烦闷
247,悦来
247,愤恨
245,怜爱
242,寡欢
239,恨之入骨
237,悲痛欲绝
237,慌慌张张
235,郁郁寡欢
232,倾慕
229,怡心
229,感怀
228,欢畅
226,暴戾
225,怀恩
222,喜新厌旧
222,相悦
221,忧民
221,惨淡经营
220,忿忿
220,悲怆
217,乡愁
217,忧思
217,悲苦
216,恨铁不成钢
215,恬
213,悲歌
212,喜糖
212,悦目
211,感佩
210,感或
210,感激不尽
208,哀鸿
208,愁眉苦脸
207,快人快语
205,慨
203,惊扰
203,欢颜
202,报喜不报忧
201,专横
201,寻欢
201,语不惊人
201,迁怒
200,宽严
200,憨憨
199,惊人之举
198,临危不惧
196,悔悟
194,相见恨晚
194,致哀
193,哀痛
192,忍耐力
191,凶恶
191,惶恐不安
190,震憾
188,惨绝人寰
187,发慌
186,恻隐之心
186,莫愁
184,惟恐
183,心悦诚服
183,怒火中烧
183,惨祸
182,怯懦
181,和畅
181,恻隐
180,凶犯
179,后患无穷
179,国忧
179,诚惶诚恐
178,性急
177,惜福
177,精神恍惚
174,怒目
173,惨白
173,满盘皆输
172,畏缩
170,大言不惭
170,怡然自得
170,愁云
168,怨声
168,感时
168,慌不择路
167,凄厉
167,心神不宁
165,忧国忧民
165,白色恐怖
163,怔
162,大惊失色
162,惊厥
161,结怨
160,战栗
160,欢声雷动
159,慷
159,畅行无阻
158,怒气冲冲
158,恨不能
158,悲喜剧
157,羞怯
156,恢
155,娇憨
154,甘美
153,贪得无厌
151,愣愣
150,喜色
150,悍然
149,恍如隔世
149,无憾
147,憎恶
147,道喜
143,忍忍
142,近忧
141,烦忧
140,恣肆
139,悲恸
138,患难与共
137,忧喜
137,惨緑
136,合欢
136,悲欢
136,慰劳
135,戒严
134,凶神恶煞
134,宏愿
134,慎独
134,自愧不如
133,惨况
132,惨事
131,千古恨
130,气恼
128,乐不可支
127,迷乱
124,惊涛
124,楚楚可怜
122,怨妇
121,厌的
121,愁苦
118,慈心
117,喜怒无常
116,凶暴
114,乐融融
114,幽怨
114,模模糊糊
112,惊起
111,喜说
110,义正词严
110,感恩戴德
110,愤世嫉俗
110,慎思
108,喜不自禁
108,悔不当初
107,惨无人道
107,爱怜
106,悦和
106,愁闷
106,消愁
105,呜咽
105,恨恨
103,一失足成千古恨
103,凄婉
103,惊梦
102,乐滋滋
101,悲戚
100,多愁
100,贺喜
99,快事
98,乐天派
98,乐极生悲
98,伤悲
98,悔之晚矣
97,凄苦
97,长恨歌
96,喜形于色
96,忿
93,和颜悦色
93,惧色
93,自怨自艾
92,悭
92,欢悦
92,畅是
92,神情恍惚
91,师道尊严
91,怒涛
90,凄风
90,忍得
90,怏怏
90,恣
89,憨笑
89,懈
89,气冲冲
89,缠绵悱恻
88,悲叹
87,孰不可忍
87,悲从中来
87,悼词
87,留得青山在
86,怯生生
86,惑众
85,哀声
85,忍饥挨饿
85,慎密
85,自惭形秽
84,寻欢作乐
84,恸
84,惊骇
84,感激涕零
84,畅和
83,宽以待人
83,忘忧
83,急吼吼
83,恣意妄为
83,畅叙
82,强颜欢笑
82,怦怦
82,惊羡
82,气呼呼
81,慰留
81,百忍
81,经营惨淡
80,怡乐
80,百听不厌
79,恂
78,凶宅
78,悲天悯人
78,惶惑
76,不惜工本
75,嗟叹
75,怅然
75,急眼
75,怨愤
75,慈惠
75,慨然
74,可怜巴巴
74,忸怩
73,盛情难却
73,离愁
72,恬不知耻
72,慢心
71,不受欢迎的人
70,了愿
70,幸喜
70,怨不得
69,哀号
69,直愣愣
68,一怔
68,漫骂
68,蛊惑人心
67,一着不慎
67,和怡
67,开怀畅饮
66,发愣
66,悲切
66,慷慨陈词
66,讨人厌
65,凶相
65,凶相毕露
65,悯
65,慈航
65,见猎心喜
64,厌战
64,怒视
64,悔过自新
64,悲鸣
64,慰勉
64,轻慢
63,心惊胆颤
63,惊悉
62,发怵
62,幡然悔悟
62,怒目而视
62,怡说
62,悦人
62,惚
62,惨景
62,格愣
62,痛悔
62,贪慕
61,凄风苦雨
61,呜呼哀哉
61,怅惘
61,怒号
61,露怯
60,嗔怪
60,慕尚
59,喜从天降
59,恬然
59,憨直
58,外忧
58,快慰
58,怒发冲冠
58,怪责
58,愁云惨淡
57,恣情
57,恨恨地
56,凄凄
56,悲摧
55,凄风冷雨
55,忤逆
55,悠游自在
55,悦心
54,怜香惜玉
54,愣神
53,喜不自胜
53,惨变
52,凄冷
52,惊变
51,怔怔
51,欢叫
50,惮
50,慕思
50,欣悦
49,哑忍
49,志哀
49,愁绪
48,忤
48,忧乐
48,恚
48,恸哭
48,慈幼
48,敬慕
48,早知今日
48,畅意
48,谨严
47,发愿
47,惭
47,愫
46,恍恍惚惚
46,愁肠
46,法喜
46,焦燥
46,节哀
45,会厌
45,吃喜
45,壁垒森严
45,悲秋
45,慷慨赴死
45,行愿
44,困恼
44,自寻烦恼
43,同喜
43,哀牢
43,喜怒不形于色
43,大慈大悲
43,怨偶
43,欢闹
42,哀莫大于心死
42,安适
42,恐喝
42,恐惧不安
42,感慨万端
42,愧色
42,欢场
42,欢娱
41,义正辞严
41,宿愿
41,必有近忧
41,懊丧
41,死不悔改
40,叹惜
40,喜梦
40,恐防
40,惊悸
40,惬
40,憨态
40,闻过则喜
39,忍得住
39,悲欣
39,悲泣
39,私怨
38,怅然若失
38,欣欣然
37,怡情养性
37,感喟
37,憨儿
37,礼轻情意重
36,乐天知命
36,于心何忍
36,哀歌
36,怯弱
36,悭钱
36,情切
36,惊风
36,我见犹怜
36,苛严
35,人无远虑
35,凄迷
35,怡然自乐
35,怵目惊心
35,恩慈
35,恫喝
35,惊惧
35,感奋
35,慌慌
35,畏怯
35,缘悭一面
34,兔死狐悲
34,怀忧
34,恬适
34,憧
33,凄清
33,勇者不惧
33,心慌意乱
33,悚然
33,愁城
32,叹惋
32,忧心如焚
32,怆然
32,惊恐不安
32,惊惶
32,欢蹦乱跳
31,乐陶陶
31,凄楚
31,哀戚
31,怒气冲天
31,惨遭不幸
31,欢宴
31,爱惜羽毛
30,忍性
30,恣情纵欲
30,悱恻
30,摇尾乞怜
30,敢怒敢言
30,汪洋恣肆
30,疑惧
29,怡神
29,慌里慌张
29,节哀顺变
29,顾影自怜
29,食不厌精
28,喜雨
28,怒张
28,怨女
28,愀
28,欢实
28,隐忍不发
27,不舒畅
27,始终不懈
27,快谈
27,悲恐
26,大发慈悲
26,忍泪
26,怒潮
26,急燥
26,怨怼
26,恬美
26,悦远
26,惧内
26,愁肠百结
26,感恩图报
26,感遇
26,打怵
26,方严
26,欣悉
26,畅怀
26,老大徒伤悲
26,长忧
25,哀荣
25,忧愤
25,怅
25,感发
25,憨实
25,敢怒而不敢言
24,凶狂
24,哀兵必胜
24,哀而不伤
24,少壮不努力
24,忻然
24,怒言
24,悔恨交加
24,愠
24,慢待
24,欣怡
24,自惭
23,不足惜
23,忧人
23,忸怩作态
23,怒喝
23,悍妇
23,惊倒
23,愿力
22,亢龙有悔
22,哀叫
22,喜封
22,忿怒
22,怨尤
22,悠哉游哉
22,悲喜交集
22,惊疑
22,感畅
22,畅情
22,精严
22,随喜
21,兵不厌诈
21,哀恸
21,心神恍惚
21,忍手
21,怒发
21,悍勇
21,悲声
21,情热
21,慎终
21,慰抚
21,憨傻
21,新愁
21,无愧色
21,神怡
20,不浮华
20,动心忍性
20,喜子
20,喜相
20,忧惧
20,怍
20,怒马
20,恶向胆边
20,悲恋
20,悲愁
20,悻
20,愠怒
20,慕德
20,懊
20,战恐
20,担惊
20,欣嘉
20,欣羡
20,畅外
20,装傻充愣
20,诚朴
19,凶煞
19,凶神
19,别愁
19,可惨
19,幽咽
19,怨气冲天
19,悚
19,情文
19,愣头愣脑
19,戒严令
19,自怡
18,争前恐后
18,可怜相
18,喜笑
18,小不忍则乱大谋
18,怆
18,怒容
18,怨天怨地
18,悦乐
18,情寄
18,愤起
18,憔
18,懔
18,着慌
18,脍不厌细
17,可怜虫
17,封官许愿
17,快心
17,恶感
17,悻然
17,惊飞
17,感思
17,感悔
17,愠色
17,慊
17,慷慨悲歌
17,文笔流畅
17,欢跃
17,欣快
17,生忧
17,畅然
17,转忧为喜
16,宫怨
16,常备不懈
16,忍笑
16,忧世
16,忧劳
16,恻
16,恼恨
16,惜春
16,讨厌鬼
16,贪欢
16,金刚怒目
16,顾惜
15,乐喜
15,勇悍
15,喜堂
15,忍俊不住
15,怡悦
15,怯生
15,怵头
15,恳托
15,悲凄
15,惊跳
15,慈和
15,慕道
15,犯怵
15,相忍为国
15,离合悲欢
15,老羞成怒
14,匪懈
14,发严
14,含悲
14,妒恨
14,怒从心头起
14,怡色
14,怨情
14,感慨系之
14,慈明
14,慷慨就义
14,欣德
14,神思恍惚
14,离恨
14,羞愤
13,崇严
13,忿恨
13,怔忡
13,恨人
13,悔棋
13,悱恻缠绵
13,悲感
13,惨杀
13,愁心
13,愤世
13,慨念
13,或恐
13,抑郁寡欢
13,改悔
13,欢会
13,燕喜
13,痛悼
13,目不忍睹
13,胜任愉快
13,自愧弗如
13,解严
13,闲愁
13,魔怔
12,天忧
12,忍人
12,悴
12,惊怕
12,憨头憨脑
12,欢喜若狂
12,烦厌
12,热心快肠
12,高畅
11,不堪其忧
11,凄艳
11,后悔不及
11,夙夜匪懈
11,安怡
11,悦喜
11,惨境
11,慈慧
11,无厌
10,凄惶
10,天可怜见
10,忍气
10,悦康
10,慌作一团
10,慓悍
9,不厌其详
9,不愁没柴烧
9,乐以忘忧
9,乐忧
9,余悲
9,先严
9,凄绝
9,办严
9,哀切
9,哀声叹气
9,哀矜
9,喜车
9,多情善感
9,孝慈
9,庆喜
9,形容憔悴
9,心慈
9,忍辱偷生
9,怀爱
9,怜才
9,怨天忧人
9,怨怒
9,悦可
9,悦情
9,悭吝
9,悲夫
9,惆
9,惊喜若狂
9,戒惧
9,撑得慌
9,深严
9,清怡
9,熙怡
9,爱悦
9,畅好
9,羞恼
9,肃慎
9,郁郁不乐
9,门禁森严
8,乐欣
8,债多不愁
8,凄切
8,凄怆
8,凄雨
8,凶顽
8,厌恨
8,厌憎
8,含愤
8,喜兴
8,喜志
8,喜盈盈
8,喜钱
8,嘻笑怒骂
8,害喜
8,忧色
8,怒色
8,怜香
8,怡怡
8,怡畅
8,恍如梦境
8,恍悟
8,恨海
8,悲哭
8,悲忧
8,悲怀
8,惨然
8,慷慨激扬
8,憾恨
8,欢好
8,生怜
8,番情
8,诚恐
8,雷霆之怒
7,专擅
7,以直报怨
7,凶事
7,发怔
7,后忧
7,含怨
7,喜贺
7,嗔恚
7,忧急
7,忧烦
7,怅望
7,怏
7,怒形于色
7,怡养
7,怨毒
7,恻然
7,悲怜
7,惊走
7,惊鸟
7,惨酷
7,愁怨
7,愿民
7,慈仁
7,慨当以慷
7,憨大
7,清畅
7,激昂慷慨
7,痛不可忍
7,自恣
7,谦慎
7,鲜衣怒马
6,不愉
6,严然
6,假慈悲
6,兵慌马乱
6,凶横
6,可恼
6,同忧
6,呆愣
6,哀怜
6,嗔怨
6,天慈
6,弄瓦之喜
6,忍容
6,忍辱含垢
6,忧恐
6,忧疑
6,快性
6,怏然
6,怡宁
6,怨悔
6,恣睢
6,恻恻
6,悦意
6,悲愿
6,悲风
6,惊神
6,惊逃
6,惜惜
6,惨绝
6,愣怔
6,愿法
6,愿甘
6,慈亲
6,慈容
6,慕古
6,杞忧
6,森严壁垒
6,死不改悔
6,气忿
6,深忧
6,血怒
6,行寡悔
6,言寡尤
6,警严
6,迎喜
6,齐严
5,不忍卒读
5,严静
5,乐岁
5,众怒难犯
5,伤恸
5,养痈成患
5,凄凄惶惶
5,凶年
5,可厌
5,哀惧
5,哀鸿遍地
5,喜懽
5,喜房
5,喜蛋
5,嗔怒
5,堪忍
5,孤愤
5,幽忧
5,开畅
5,心怯
5,忍从
5,忡忡
5,忧闷
5,快论
5,急怒
5,怨憎
5,怨责
5,怵惕
5,恐恐
5,恨事
5,悔憾
5,悭囊
5,悲惋
5,悲辛
5,情恨
5,情熟
5,惊哭
5,惋叹
5,愁结
5,感愧
5,愿安
5,慕利
5,慕远
5,慷他人之慨
5,慷慨仗义
5,慷慨赴义
5,憨子
5,懒怠
5,欢呼鼓舞
5,灵快
5,畅畅
5,笑谑
5,翻然悔悟
5,财喜
5,轻侮
5,远愿
5,逸乐
5,陶欣
5,麤悍
4,不愤不启
4,严慈
4,举哀
4,久慕
4,乐欢
4,云愁
4,令慈
4,凄然泪下
4,厌厌
4,厌气
4,和愉
4,咒愿
4,哀告
4,哀哭
4,哀情
4,哀音
4,喜功
4,喜联
4,喜舞
4,喜逐颜开
4,嗔恚心
4,大放悲声
4,家慈
4,寄愁
4,寒蝉凄切
4,小怜
4,引以为憾
4,忧天
4,忿气
4,怀喜
4,怅怅
4,怆惶
4,怒水
4,怜恤
4,怨艾
4,怫郁
4,恍恍
4,恚嗔
4,恨心
4,恬愉
4,恬淡寡欲
4,恬谧
4,恼意
4,悃愊
4,悃愊无华
4,悍强
4,悦泽
4,悦色
4,悲慨
4,悲楚
4,悲歌慷慨
4,情肠
4,情钟
4,惊怖
4,惊怪
4,惊怵
4,惊慌失色
4,惊慕
4,惊颤
4,惜玉
4,惝怳
4,惝恍
4,惨笑
4,惮劳
4,愁雾
4,愉乐
4,愤怨
4,愿言
4,慈忍
4,慈育
4,慌急
4,慌手慌脚
4,慨然允诺
4,憨劲
4,杞人之忧
4,欢兴
4,欢言
4,歆慕
4,死不足惜
4,爽畅
4,生恐
4,畅明
4,畅朗
4,瘆得慌
4,瞋恚
4,禅悦
4,端严
4,篡逆
4,舞悦
4,解怨
4,言愿
4,转悲为喜
4,过忧
3,不悱不发
3,严敬
3,九死不悔
3,九死未悔
3,仰不愧天
3,伤悼
3,俯仰无愧
3,凄怨
3,凄恻
3,刚忍
3,博畅
3,厌胜
3,含愁
3,周慎
3,哀人
3,哀哀父母
3,哀挽
3,喜兆
3,喜则气缓
3,喜歌
3,喜游
3,喜舍
3,喜跃
3,天从人愿
3,好慕
3,孜孜不懈
3,当之有愧
3,忍口
3,忧危
3,忧困
3,忧悲
3,忧谗畏讥
3,怅恨
3,怆恻
3,怒愤
3,怜念
3,怨忿
3,怪戾
3,怪样
3,恂恂
3,恍忽
3,恐惶
3,恐迫
3,恣行
3,恬逸
3,悍然不顾
3,悔之不及
3,悔望
3,悔痛
3,悔罪自新
3,悦畅
3,悦笑
3,悦随
3,悲咽
3,悲啼
3,悲心
3,悲怨
3,悲音
3,情亲
3,惊乍
3,惊急
3,惊悟
3,惊赏
3,惑主
3,惜气
3,惨毒
3,惹厌
3,愁发
3,愁困
3,愁恨
3,愁烦
3,愁颜
3,感喜
3,感戴
3,感旧
3,愿书
3,愿心
3,愿治
3,愿王
3,慈颜
3,慎察
3,慨然应允
3,憎人
3,放恣
3,无忧城
3,景慕
3,替古人担忧
3,欢语
3,欣可
3,欣幸
3,欣慕
3,欣戴
3,母慈
3,母慈子孝
3,满目凄凉
3,烦恼海
3,烦恼身
3,烦恼魔
3,畅发
3,畅志
3,畅远
3,目不忍视
3,眼睛跳
3,秘严
3,穷愁
3,苦雨凄风
3,落慌
3,迁怒于人
3,通愿
3,震悚
3,鹤惊
2,不慈
2,主忧臣辱
2,乐不可极
2,众愤
2,余愤
2,信悦
2,先慈
2,养怡
2,冀愿
2,内顾之忧
2,冷凄凄
2,凄哀
2,凄紧
2,凶信
2,分愿
2,半夜敲门心不惊
2,厌患
2,厌薄
2,厌足
2,含垢忍辱
2,含忍
2,哀悯
2,哀惜
2,哀时
2,哀痛欲绝
2,哀耗
2,哀转
2,喜容
2,喜眉笑眼
2,喜誉
2,四愁
2,壮严
2,失慌
2,妙喜
2,威怒
2,威怯
2,嫌怨
2,孤愁
2,安恬
2,完惜
2,完愿
2,寸阴是惜
2,尽哀
2,常用词组
2,忌忍
2,忍事
2,忍情
2,忍死
2,忠悃
2,忤恨
2,忧受
2,忧心如捣
2,忧时
2,快志
2,快畅
2,忿言
2,怏怏不乐
2,怒从心上起
2,怒叱
2,怒容满面
2,怒心
2,怕得发抖
2,怜悲
2,怡情悦性
2,怡然自若
2,怨刺
2,怨嗔
2,怨屈
2,怨望
2,怨痛
2,怯口
2,怯惧
2,怵然
2,恐动
2,恐急
2,恐胁
2,恢谐
2,恣性
2,恨怨
2,恨悔
2,恨毒
2,恨苦
2,恬和
2,恬淡无为
2,恳辞
2,恸怛
2,悔亡
2,悔吝
2,悔怨
2,患恶
2,悦使
2,悦口
2,悦爱
2,悯惜
2,悲涕
2,情交
2,情量
2,惊报
2,惊蛇
2,惊错
2,惊鹊
2,惑世
2,惑术
2,惜伤
2,惜力
2,惜护
2,惨凄
2,惨慽
2,惨绿少年
2,惬适
2,愁肠寸断
2,愁鬓
2,愉色
2,感恸
2,感慰
2,愧咎
2,愧怍
2,愧恨
2,慈眼
2,慎举
2,慎火
2,慎罚
2,慕仰
2,慕贤
2,憎厌
2,憎命
2,憨气
2,憬彼
2,憬悟
2,憬然
2,懈气
2,懊恨
2,手慌脚乱
2,振惊
2,敬慎
2,整严
2,无厌足
2,暴戾恣睢
2,朗畅
2,朱厌
2,检慎
2,欢呀
2,欢谑
2,欣然自得
1,义愤填胸
2,甚感诧异
2,电怒
2,畅舒
2,相知恨晚
2,瞋恨
2,离忧
2,秀才人情
2,私恨
2,等慈
2,纵恣
2,罪悔
2,翻悔
2,解慰
2,诚愿
2,谢悃
2,赏罚严明
2,躁怒
2,轸惜
2,迷离恍惚
2,迷离惝恍
2,遇喜
2,重慈
2,闵忧
2,陶怡
2,隐忍不言
2,震恐
2,静恬
2,顺感
2,顾忧
2,风雨凄凄
2,饮恨而终
2,香严
2,騃憨
2,骚忧
2,鱼水相欢
2,鸿畅
1,一座皆惊
1,不厌其繁
1,不惬
1,不顺服
1,中悔
1,乐极哀来
1,乐极生哀
1,今昔之感
1,佐欢
1,体惜
1,余怨
1,侃快
1,侑欢
1,信慕
1,偏怜
1,儆惧
1,凄伤
1,凄吟
1,凄咽
1,凄寂
1,凄恋
1,凄淡
1,凄而
1,凶忍
1,凶身
1,刁悍
1,劫恐
1,千愁万绪
1,厌乱
1,厌兵
1,厌怠
1,厌意
1,发哀
1,发恨
1,口愿
1,可怜生
1,台严
1,吁恳
1,吞恨
1,吴愉
1,呆憨
1,哀吊
1,哀弦
1,哀念
1,哀悲
1,哀惋
1,哀愍
1,哀愤
1,哀毁
1,哀筝
1,哀荒
1,喜名
1,喜娘
1,喜幛
1,喜幸
1,喜惧
1,喜期
1,嗟悔无及
1,国喜
1,大勇若怯
1,天厌
1,天愁地惨
1,奇恣
1,奉喜
1,妒悍
1,媚悦
1,嫉忌
1,嫌忌
1,客忤
1,属厌
1,幽幽凄凄
1,幽愤
1,庄严宝相
1,弘愿
1,归怨
1,心慕手追
1,心荡神怡
1,忍抑
1,忍爱
1,忧居
1,忧属
1,忧忡
1,忧怀
1,忧恚
1,忧恨
1,忧惶
1,忧戚
1,忧服
1,忧疾
1,忧病
1,忧瘁
1,忧盼
1,忧结
1,忧苦
1,快悦
1,忸忸怩怩
1,忻欢
1,忿愤
1,忿懑
1,忿疾
1,怀忿
1,怀愿
1,怅惋
1,怅而
1,怆恨
1,怆痛
1,怊怅
1,怒冲冲
1,怒嗔
1,怒怨
1,怒涨
1,怒烘烘
1,怒生
1,怒目横眉
1,怙恶不悛
1,怜悧
1,怡声
1,怨军
1,怨句
1,怨嫉
1,怨嫌
1,怨恚
1,怨结
1,怨苦
1,怨让
1,怪怨
1,怪恨
1,怯畏
1,怳惑
1,恍惑
1,恍疑
1,恐畏
1,恐赫
1,恐逼
1,恒情
1,恣无忌惮
1,恣肆无忌
1,恨入骨髓
1,恨愤
1,恨气
1,恬泰
1,恬澹
1,恬雅
1,恳挚
1,恳笃
1,恳至
1,恻伤
1,恻怆
1,恼心
1,恼激
1,恼鸦
1,悍吏
1,悍壮
1,悍妒
1,悍妬
1,悍战
1,悍戾
1,悔事
1,悔尤
1,悔气
1,悛悔
1,悛改
1,患毒
1,悦欣
1,悦目娱心
1,悦目赏心
1,悦穆
1,悭悋
1,悭悭
1,悲不自胜
1,悲吟
1,悲怅
1,悲思
1,悲惜
1,悸恐
1,悼惜
1,悼痛
1,情藻
1,情趣横生
1,惆然
1,惊怯
1,惊悔
1,惊惴
1,惊愣
1,惊电
1,惊蛇入草
1,惊魂失魄
1,惋怅
1,惋恨
1,惑变
1,惜爱
1,惧惮
1,惨不忍闻
1,惨呼
1,惨惶
1,惬怀
1,惬然
1,惭恧
1,惭惧
1,惭感
1,惶悚
1,愀然
1,愁吟
1,愁听
1,愁怅
1,愁恼
1,愁愤
1,愁杀
1,愁痛
1,愁虑
1,愉心
1,愉目
1,愉逸
1,意气激昂
1,愚憨
1,感世
1,感咏
1,感恨
1,愠恼
1,愤世疾俗
1,愤争
1,愤切
1,愤怼
1,愤悱
1,愤惋
1,愤疾
1,愤闷
1,愧感
1,愿思
1,愿谅
1,愿谨
1,慈息
1,慈恻
1,慈武
1,慈目
1,慈闱
1,慌遽
1,慎刑
1,慎口
1,慎固
1,慎守
1,慕乐
1,慕从
1,慕効
1,慕效
1,慕羡
1,慢骂
1,慨允
1,慨慷
1,慰悦
1,慰情聊胜无
1,慰谕
1,憨乎乎
1,憨呆
1,憨顽
1,憬憧
1,憾惜
1,懊惜
1,懒慢
1,懔懔
1,懦怯
1,懵憧
1,成哀
1,战慑
1,戚惨
1,所欢
1,放欢
1,散愁
1,敬老怜贫
1,敬老慈少
1,文恬武嬉
1,旅愁
1,无惭
1,无虑无忧
1,旧恨新愁
1,未惬
1,杀哀
1,条畅
1,极哀
1,柔忍
1,横恣
1,欢友
1,欢媾
1,欢忭
1,欢意
1,欣忭
1,欣戚
1,欣服
1,欣豫
1,欣赖
1,欣载
1,歌悦
1,殷忧
1,母忧
1,沉痛怀念
1,流恨
1,浮慕
1,清耳悦心
1,温慰
1,热恼
1,焦忧
1,燕妒莺惭
1,爱不忍释
1,犷悍
1,独怜
1,畅利
1,畅目
1,畏慎
1,疏怠
1,痛饮而醉
1,瘦怯
1,白愣
1,直怔怔
1,瞒怨
1,矜慈
1,礼顺人情
1,神怿气愉
1,祥哀
1,笑欣欣
1,简畅
1,素愿
1,绝怜
1,罔惑
1,羁愁
1,耽惊受怕
1,聚敛无厌
1,腾欢
1,艳慕
1,节忧
1,荣愿
1,荣畅
1,蓄怨
1,藏怒
1,虽恐
1,衷恳
1,见哀
1,解怒
1,触忤
1,誖悍
1,计惜
1,讨喜欢
1,诞喜
1,豫感
1,轻怠
1,迁怨
1,返悔
1,连欢
1,迫恐
1,追惜
1,速忧
1,遣情
1,遭忧
1,释怨
1,重怒
1,闲悠悠
1,阴忧
1,雾惨云愁
1,震悼
1,青喜
1,顾哀
1,风恬浪静
1,饱经忧患
1,骄恣
1,高愁
1,鸣悲
1,鸿慈